Id,task_1,task_2
data/test/melanoma/ISIC_0012258.jpg,0.47701082,0.082101956
data/test/melanoma/ISIC_0012356.jpg,0.6782779,0.10104653
data/test/melanoma/ISIC_0012369.jpg,0.037244562,2.8590519e-05
data/test/melanoma/ISIC_0012395.jpg,0.12961957,0.034554657
data/test/melanoma/ISIC_0012425.jpg,0.3668756,0.34671667
data/test/melanoma/ISIC_0012758.jpg,0.001718647,0.11951863
data/test/melanoma/ISIC_0012989.jpg,0.08658,0.018629994
data/test/melanoma/ISIC_0013072.jpg,0.026806049,1.5182466e-06
data/test/melanoma/ISIC_0013073.jpg,0.13746433,0.0016359425
data/test/melanoma/ISIC_0013242.jpg,0.028939452,0.0057302737
data/test/melanoma/ISIC_0013277.jpg,0.027778842,0.2745965
data/test/melanoma/ISIC_0013321.jpg,0.21636224,0.024762008
data/test/melanoma/ISIC_0013374.jpg,0.92845637,0.006363787
data/test/melanoma/ISIC_0013411.jpg,0.22476265,0.004811122
data/test/melanoma/ISIC_0013414.jpg,0.12373593,0.0014086148
data/test/melanoma/ISIC_0013455.jpg,0.9836902,0.014396119
data/test/melanoma/ISIC_0013457.jpg,0.20636807,0.03153604
data/test/melanoma/ISIC_0013459.jpg,0.010011898,0.011703437
data/test/melanoma/ISIC_0013472.jpg,0.09831723,0.0016581288
data/test/melanoma/ISIC_0013473.jpg,0.099552095,0.00038658778
data/test/melanoma/ISIC_0013565.jpg,0.23281553,0.18090849
data/test/melanoma/ISIC_0013577.jpg,0.026728451,0.16556074
data/test/melanoma/ISIC_0013588.jpg,0.54837054,0.0013970617
data/test/melanoma/ISIC_0013615.jpg,0.08081538,0.0017184035
data/test/melanoma/ISIC_0013617.jpg,0.20832126,0.0014181177
data/test/melanoma/ISIC_0013636.jpg,0.30047026,0.35173306
data/test/melanoma/ISIC_0013678.jpg,0.3257962,0.035099626
data/test/melanoma/ISIC_0013696.jpg,0.4084165,0.528221
data/test/melanoma/ISIC_0013733.jpg,0.0057340777,0.041611
data/test/melanoma/ISIC_0013739.jpg,0.10595381,0.6492806
data/test/melanoma/ISIC_0013766.jpg,0.34855133,0.44960347
data/test/melanoma/ISIC_0013767.jpg,0.08019637,0.00088779634
data/test/melanoma/ISIC_0013813.jpg,0.1172486,0.00021151413
data/test/melanoma/ISIC_0013814.jpg,0.97483927,0.0021119262
data/test/melanoma/ISIC_0013833.jpg,0.2533527,0.044573996
data/test/melanoma/ISIC_0013842.jpg,0.040972278,0.00035084537
data/test/melanoma/ISIC_0013867.jpg,0.83364165,0.06300317
data/test/melanoma/ISIC_0013908.jpg,0.019292435,6.720998e-06
data/test/melanoma/ISIC_0013917.jpg,0.17020483,0.0005476416
data/test/melanoma/ISIC_0013925.jpg,0.028840221,8.483195e-05
data/test/melanoma/ISIC_0013948.jpg,0.0501149,0.011419464
data/test/melanoma/ISIC_0013953.jpg,0.35688978,0.3790537
data/test/melanoma/ISIC_0013987.jpg,0.79745084,0.032250423
data/test/melanoma/ISIC_0013988.jpg,0.107893944,0.0021583037
data/test/melanoma/ISIC_0014027.jpg,0.15407695,0.001657938
data/test/melanoma/ISIC_0014059.jpg,0.71368104,0.12908402
data/test/melanoma/ISIC_0014077.jpg,0.32395667,0.36222935
data/test/melanoma/ISIC_0014103.jpg,0.31057844,0.018351693
data/test/melanoma/ISIC_0014110.jpg,0.031089624,0.025044922
data/test/melanoma/ISIC_0014129.jpg,0.0937725,0.0072662137
data/test/melanoma/ISIC_0014148.jpg,0.040623564,0.0035976593
data/test/melanoma/ISIC_0014160.jpg,0.8950866,0.011181436
data/test/melanoma/ISIC_0014181.jpg,0.6781162,0.0038788638
data/test/melanoma/ISIC_0014186.jpg,0.030600766,0.002105327
data/test/melanoma/ISIC_0014219.jpg,0.052276783,0.2028427
data/test/melanoma/ISIC_0014221.jpg,0.17427811,0.026679758
data/test/melanoma/ISIC_0014233.jpg,0.042043466,0.00027065026
data/test/melanoma/ISIC_0014255.jpg,0.02469576,0.4089094
data/test/melanoma/ISIC_0014270.jpg,0.41343468,0.21473593
data/test/melanoma/ISIC_0014284.jpg,0.12020248,0.18056998
data/test/melanoma/ISIC_0014288.jpg,0.019344268,0.021331757
data/test/melanoma/ISIC_0014319.jpg,0.16558675,0.665973
data/test/melanoma/ISIC_0014336.jpg,0.16289857,0.009988796
data/test/melanoma/ISIC_0014349.jpg,0.21274973,0.03577544
data/test/melanoma/ISIC_0014369.jpg,0.39925724,0.536711
data/test/melanoma/ISIC_0014423.jpg,0.09164238,0.16755387
data/test/melanoma/ISIC_0014434.jpg,0.019636989,0.9727145
data/test/melanoma/ISIC_0014454.jpg,0.21944542,0.22361654
data/test/melanoma/ISIC_0014478.jpg,0.124301806,0.00021474979
data/test/melanoma/ISIC_0014489.jpg,0.16627266,0.0004287067
data/test/melanoma/ISIC_0014506.jpg,0.019472305,0.21856281
data/test/melanoma/ISIC_0014513.jpg,0.45550942,0.069097005
data/test/melanoma/ISIC_0014541.jpg,0.07144848,0.35962126
data/test/melanoma/ISIC_0014542.jpg,0.11920955,0.0025859058
data/test/melanoma/ISIC_0014546.jpg,0.21985713,0.01022319
data/test/melanoma/ISIC_0014548.jpg,0.07443796,0.31298432
data/test/melanoma/ISIC_0014559.jpg,0.9851215,0.00461672
data/test/melanoma/ISIC_0014663.jpg,0.03988666,0.5555896
data/test/melanoma/ISIC_0014666.jpg,0.32650307,0.071119405
data/test/melanoma/ISIC_0014695.jpg,0.643413,0.0063734106
data/test/melanoma/ISIC_0014703.jpg,0.067490965,0.28728834
data/test/melanoma/ISIC_0014727.jpg,0.0098759765,0.23924412
data/test/melanoma/ISIC_0014766.jpg,0.06449879,0.3935549
data/test/melanoma/ISIC_0014772.jpg,0.23229147,0.0009819126
data/test/melanoma/ISIC_0014784.jpg,0.5846806,0.0037367686
data/test/melanoma/ISIC_0014790.jpg,0.04198251,0.76699096
data/test/melanoma/ISIC_0014800.jpg,0.02627771,0.9366578
data/test/melanoma/ISIC_0014826.jpg,0.09323171,0.090838835
data/test/melanoma/ISIC_0014862.jpg,0.02294851,0.08376509
data/test/melanoma/ISIC_0014872.jpg,0.2630368,0.040139392
data/test/melanoma/ISIC_0014883.jpg,0.17741835,0.0043359003
data/test/melanoma/ISIC_0014912.jpg,0.38711432,0.2541671
data/test/melanoma/ISIC_0014928.jpg,0.23499364,0.21240778
data/test/melanoma/ISIC_0014932.jpg,0.35408512,0.02093076
data/test/melanoma/ISIC_0014963.jpg,0.58516556,0.2716343
data/test/melanoma/ISIC_0014982.jpg,0.3212069,0.19307593
data/test/melanoma/ISIC_0015004.jpg,0.016538173,0.03409436
data/test/melanoma/ISIC_0015041.jpg,0.44490087,0.006369113
data/test/melanoma/ISIC_0015046.jpg,0.44740215,0.15986095
data/test/melanoma/ISIC_0015050.jpg,0.0005864251,0.97731006
data/test/melanoma/ISIC_0015071.jpg,0.09624836,0.03390033
data/test/melanoma/ISIC_0015115.jpg,0.01785224,0.53439236
data/test/melanoma/ISIC_0015119.jpg,0.17239577,0.0075553185
data/test/melanoma/ISIC_0015127.jpg,0.1913081,0.03656201
data/test/melanoma/ISIC_0015132.jpg,0.051675785,0.00972903
data/test/melanoma/ISIC_0015133.jpg,0.6461109,0.32962137
data/test/melanoma/ISIC_0015136.jpg,0.028275508,0.958615
data/test/melanoma/ISIC_0015142.jpg,0.3750782,0.043190375
data/test/melanoma/ISIC_0015156.jpg,0.14048067,0.00070763903
data/test/melanoma/ISIC_0015163.jpg,0.7304185,0.011713569
data/test/melanoma/ISIC_0015167.jpg,0.61003006,0.0048862873
data/test/melanoma/ISIC_0015180.jpg,0.35593575,0.18979618
data/test/melanoma/ISIC_0015185.jpg,0.02641214,0.89862466
data/test/melanoma/ISIC_0015193.jpg,0.038023353,0.031744577
data/test/melanoma/ISIC_0015206.jpg,0.029632261,0.0008019942
data/test/melanoma/ISIC_0015229.jpg,0.027215632,0.55957097
data/test/melanoma/ISIC_0015251.jpg,0.6105696,0.00060261105
data/test/nevus/ISIC_0012092.jpg,0.065271065,2.8460789e-05
data/test/nevus/ISIC_0012095.jpg,0.90294427,0.007997484
data/test/nevus/ISIC_0012147.jpg,0.11882059,0.024726154
data/test/nevus/ISIC_0012149.jpg,0.05757366,0.42387792
data/test/nevus/ISIC_0012152.jpg,0.052223694,0.12769507
data/test/nevus/ISIC_0012216.jpg,0.20756027,0.44145402
data/test/nevus/ISIC_0012357.jpg,0.6707308,0.1529194
data/test/nevus/ISIC_0012484.jpg,0.57618773,0.03581987
data/test/nevus/ISIC_0012493.jpg,0.14058433,0.41626757
data/test/nevus/ISIC_0012551.jpg,0.32250187,0.1942921
data/test/nevus/ISIC_0012654.jpg,0.29799566,0.12558448
data/test/nevus/ISIC_0012656.jpg,0.039897643,0.03055671
data/test/nevus/ISIC_0012708.jpg,0.20570064,7.6493154e-07
data/test/nevus/ISIC_0012722.jpg,0.44263184,0.3818014
data/test/nevus/ISIC_0012803.jpg,0.04338965,0.0011036596
data/test/nevus/ISIC_0012836.jpg,0.035680782,0.074704945
data/test/nevus/ISIC_0012837.jpg,0.50650585,0.44956702
data/test/nevus/ISIC_0012903.jpg,0.28691438,0.50112396
data/test/nevus/ISIC_0012904.jpg,0.35925493,0.28008652
data/test/nevus/ISIC_0012941.jpg,0.79237354,0.106643975
data/test/nevus/ISIC_0012967.jpg,0.0264006,0.011714706
data/test/nevus/ISIC_0013045.jpg,0.20894478,1.8387937e-05
data/test/nevus/ISIC_0013070.jpg,0.8196993,0.03218989
data/test/nevus/ISIC_0013109.jpg,0.46200097,0.06303001
data/test/nevus/ISIC_0013159.jpg,0.8657025,0.10772804
data/test/nevus/ISIC_0013164.jpg,0.52974504,0.19945732
data/test/nevus/ISIC_0013176.jpg,0.47094563,0.10430226
data/test/nevus/ISIC_0013191.jpg,0.08180695,0.86505234
data/test/nevus/ISIC_0013216.jpg,0.85169506,0.11241388
data/test/nevus/ISIC_0013226.jpg,0.16583543,1.6530751e-07
data/test/nevus/ISIC_0013230.jpg,0.22590679,0.0013348685
data/test/nevus/ISIC_0013269.jpg,0.87405133,0.11955245
data/test/nevus/ISIC_0013291.jpg,0.46080527,0.00079793873
data/test/nevus/ISIC_0013325.jpg,0.07876842,0.018406214
data/test/nevus/ISIC_0013399.jpg,0.18607998,0.34083843
data/test/nevus/ISIC_0013416.jpg,0.14549965,0.00035010534
data/test/nevus/ISIC_0013511.jpg,0.82757294,0.028213935
data/test/nevus/ISIC_0013512.jpg,0.32233235,0.12924987
data/test/nevus/ISIC_0013529.jpg,0.15982626,0.22309667
data/test/nevus/ISIC_0013600.jpg,0.1538796,0.03180857
data/test/nevus/ISIC_0013602.jpg,0.5898892,0.17015177
data/test/nevus/ISIC_0013738.jpg,0.6225745,0.16853262
data/test/nevus/ISIC_0013794.jpg,0.046572465,0.34242067
data/test/nevus/ISIC_0013809.jpg,0.0860465,0.83697325
data/test/nevus/ISIC_0013891.jpg,0.23515643,0.057873126
data/test/nevus/ISIC_0013897.jpg,0.35929993,0.48905993
data/test/nevus/ISIC_0013911.jpg,0.15865603,0.009347185
data/test/nevus/ISIC_0013966.jpg,0.1313211,0.6889545
data/test/nevus/ISIC_0013998.jpg,0.05801046,0.004733498
data/test/nevus/ISIC_0014090.jpg,0.9929069,0.0013156206
data/test/nevus/ISIC_0014117.jpg,0.6791727,0.03547607
data/test/nevus/ISIC_0014470.jpg,0.1711263,0.024350334
data/test/nevus/ISIC_0014675.jpg,0.10389938,0.869981
data/test/nevus/ISIC_0014677.jpg,0.0073653865,0.0010866863
data/test/nevus/ISIC_0014687.jpg,0.04146117,0.7335804
data/test/nevus/ISIC_0014693.jpg,0.18063124,0.20446165
data/test/nevus/ISIC_0014697.jpg,0.02608264,0.009967874
data/test/nevus/ISIC_0014698.jpg,0.17406826,0.00364579
data/test/nevus/ISIC_0014720.jpg,0.87263083,0.0032621638
data/test/nevus/ISIC_0014725.jpg,0.100084685,2.882451e-05
data/test/nevus/ISIC_0014728.jpg,0.25818276,0.012562919
data/test/nevus/ISIC_0014729.jpg,1.4442355e-06,0.99973387
data/test/nevus/ISIC_0014740.jpg,0.0008636451,0.9912838
data/test/nevus/ISIC_0014743.jpg,0.083917916,2.4772457e-06
data/test/nevus/ISIC_0014746.jpg,0.32809472,0.13371758
data/test/nevus/ISIC_0014749.jpg,0.33673477,0.030139174
data/test/nevus/ISIC_0014753.jpg,0.9363526,0.027621908
data/test/nevus/ISIC_0014755.jpg,0.26680094,0.31054294
data/test/nevus/ISIC_0014765.jpg,0.18185969,0.03237624
data/test/nevus/ISIC_0014768.jpg,0.23963654,0.12674786
data/test/nevus/ISIC_0014773.jpg,0.0908533,0.14682037
data/test/nevus/ISIC_0014780.jpg,0.06440984,0.034570903
data/test/nevus/ISIC_0014786.jpg,0.6139328,0.19257033
data/test/nevus/ISIC_0014787.jpg,0.034273915,0.38079756
data/test/nevus/ISIC_0014792.jpg,0.26277035,0.012217596
data/test/nevus/ISIC_0014796.jpg,0.4630052,0.07342028
data/test/nevus/ISIC_0014798.jpg,0.026751906,3.315809e-06
data/test/nevus/ISIC_0014807.jpg,0.11915938,0.053627063
data/test/nevus/ISIC_0014814.jpg,0.51732546,0.23154657
data/test/nevus/ISIC_0014815.jpg,0.2332779,0.012406798
data/test/nevus/ISIC_0014820.jpg,0.1120206,0.759126
data/test/nevus/ISIC_0014822.jpg,0.08240922,0.60685307
data/test/nevus/ISIC_0014833.jpg,0.1743319,0.00044869503
data/test/nevus/ISIC_0014835.jpg,0.13895494,0.07587348
data/test/nevus/ISIC_0014844.jpg,0.44991627,0.13970809
data/test/nevus/ISIC_0014853.jpg,0.7583752,0.18270473
data/test/nevus/ISIC_0014854.jpg,0.5629384,0.075274035
data/test/nevus/ISIC_0014863.jpg,0.17674558,0.03258893
data/test/nevus/ISIC_0014867.jpg,0.09779406,0.0452515
data/test/nevus/ISIC_0014868.jpg,0.7384378,0.0149141
data/test/nevus/ISIC_0014876.jpg,0.74933136,0.19634524
data/test/nevus/ISIC_0014879.jpg,0.9348887,0.02789299
data/test/nevus/ISIC_0014901.jpg,0.54655826,0.3782443
data/test/nevus/ISIC_0014907.jpg,0.35688978,0.3790537
data/test/nevus/ISIC_0014910.jpg,0.06463694,0.06916858
data/test/nevus/ISIC_0014921.jpg,0.0039836518,0.0009177909
data/test/nevus/ISIC_0014927.jpg,0.12901555,0.0015729897
data/test/nevus/ISIC_0014936.jpg,0.9003363,0.0037413563
data/test/nevus/ISIC_0014938.jpg,0.038690925,0.066943616
data/test/nevus/ISIC_0014940.jpg,0.23779714,0.05037256
data/test/nevus/ISIC_0014941.jpg,0.9573251,0.024372848
data/test/nevus/ISIC_0014942.jpg,0.29550737,0.0859874
data/test/nevus/ISIC_0014943.jpg,0.025300927,0.8608667
data/test/nevus/ISIC_0014944.jpg,0.8638448,0.074432544
data/test/nevus/ISIC_0014947.jpg,0.97892296,0.005302113
data/test/nevus/ISIC_0014948.jpg,0.14434099,0.47729895
data/test/nevus/ISIC_0014949.jpg,0.9389508,0.042352118
data/test/nevus/ISIC_0014952.jpg,0.8349188,0.029299041
data/test/nevus/ISIC_0014955.jpg,0.13259612,0.011430778
data/test/nevus/ISIC_0014956.jpg,0.03739732,0.033511396
data/test/nevus/ISIC_0014957.jpg,0.06443144,0.23709048
data/test/nevus/ISIC_0014958.jpg,0.67832655,0.0036928293
data/test/nevus/ISIC_0014959.jpg,0.16957879,0.00014548506
data/test/nevus/ISIC_0014961.jpg,0.0017187642,0.34650543
data/test/nevus/ISIC_0014962.jpg,0.095609374,0.40010563
data/test/nevus/ISIC_0014964.jpg,0.5548337,0.36648813
data/test/nevus/ISIC_0014966.jpg,0.22911456,0.04925452
data/test/nevus/ISIC_0014968.jpg,0.5033492,0.020819198
data/test/nevus/ISIC_0014969.jpg,0.9244181,0.00044935395
data/test/nevus/ISIC_0014973.jpg,0.18216977,0.04459051
data/test/nevus/ISIC_0014974.jpg,0.4213036,0.02695647
data/test/nevus/ISIC_0014977.jpg,0.9505696,0.028246596
data/test/nevus/ISIC_0014992.jpg,0.5453154,0.36615515
data/test/nevus/ISIC_0014994.jpg,0.47809756,0.33778346
data/test/nevus/ISIC_0014998.jpg,0.008270323,0.0017684652
data/test/nevus/ISIC_0015002.jpg,0.0057211383,0.18939337
data/test/nevus/ISIC_0015003.jpg,0.0010776214,4.107655e-06
data/test/nevus/ISIC_0015007.jpg,0.08103559,0.014413588
data/test/nevus/ISIC_0015008.jpg,0.23966272,0.023148617
data/test/nevus/ISIC_0015009.jpg,0.011563553,4.5497363e-05
data/test/nevus/ISIC_0015011.jpg,0.13177851,0.0009767731
data/test/nevus/ISIC_0015013.jpg,0.06103368,0.5824597
data/test/nevus/ISIC_0015015.jpg,0.26129088,0.07532661
data/test/nevus/ISIC_0015016.jpg,0.028282408,0.47464406
data/test/nevus/ISIC_0015018.jpg,0.7686279,0.014808873
data/test/nevus/ISIC_0015019.jpg,0.2552381,0.07619884
data/test/nevus/ISIC_0015020.jpg,0.37291625,0.089960456
data/test/nevus/ISIC_0015021.jpg,0.02628128,0.54478455
data/test/nevus/ISIC_0015023.jpg,0.96169406,0.0034143592
data/test/nevus/ISIC_0015026.jpg,0.1926475,0.42026007
data/test/nevus/ISIC_0015030.jpg,0.63558495,0.0071462435
data/test/nevus/ISIC_0015031.jpg,0.24553141,2.7761998e-05
data/test/nevus/ISIC_0015034.jpg,0.39763334,0.07165643
data/test/nevus/ISIC_0015035.jpg,0.77304137,0.049971335
data/test/nevus/ISIC_0015037.jpg,0.2719169,0.13924912
data/test/nevus/ISIC_0015040.jpg,0.72739923,0.005751129
data/test/nevus/ISIC_0015051.jpg,0.37071618,0.09206794
data/test/nevus/ISIC_0015056.jpg,0.18674693,0.034662433
data/test/nevus/ISIC_0015057.jpg,0.98893434,0.004506984
data/test/nevus/ISIC_0015060.jpg,0.0046353783,0.993397
data/test/nevus/ISIC_0015064.jpg,0.014720679,9.3053956e-07
data/test/nevus/ISIC_0015078.jpg,0.005999311,0.9869515
data/test/nevus/ISIC_0015089.jpg,0.56356335,0.071972705
data/test/nevus/ISIC_0015102.jpg,7.899986e-05,0.9902928
data/test/nevus/ISIC_0015118.jpg,0.09020498,0.00021458359
data/test/nevus/ISIC_0015125.jpg,0.07167669,0.108190656
data/test/nevus/ISIC_0015129.jpg,0.22529112,0.0038159925
data/test/nevus/ISIC_0015130.jpg,0.0040072473,0.062054895
data/test/nevus/ISIC_0015139.jpg,0.032214753,0.30595952
data/test/nevus/ISIC_0015140.jpg,0.06853198,0.0065177004
data/test/nevus/ISIC_0015146.jpg,0.20937766,0.009035317
data/test/nevus/ISIC_0015149.jpg,0.005913656,6.027811e-06
data/test/nevus/ISIC_0015150.jpg,0.14678457,0.006517311
data/test/nevus/ISIC_0015152.jpg,0.4528926,0.32715458
data/test/nevus/ISIC_0015155.jpg,0.9148253,0.00021893256
data/test/nevus/ISIC_0015157.jpg,0.86545295,0.000452228
data/test/nevus/ISIC_0015160.jpg,0.9566849,0.02183933
data/test/nevus/ISIC_0015161.jpg,0.11242877,0.0015540624
data/test/nevus/ISIC_0015171.jpg,0.30291048,0.008872667
data/test/nevus/ISIC_0015173.jpg,0.48104346,0.39833152
data/test/nevus/ISIC_0015174.jpg,0.38152054,0.061030637
data/test/nevus/ISIC_0015175.jpg,0.14751743,0.4097694
data/test/nevus/ISIC_0015176.jpg,0.11289317,0.23451263
data/test/nevus/ISIC_0015179.jpg,0.58373225,0.10690461
data/test/nevus/ISIC_0015184.jpg,0.004912813,0.0022646089
data/test/nevus/ISIC_0015201.jpg,0.041869655,0.013061995
data/test/nevus/ISIC_0015202.jpg,0.5078894,0.0012235162
data/test/nevus/ISIC_0015203.jpg,0.038046453,0.18403305
data/test/nevus/ISIC_0015207.jpg,0.13668522,0.10845676
data/test/nevus/ISIC_0015208.jpg,0.3303819,0.0100332955
data/test/nevus/ISIC_0015212.jpg,0.0670509,0.81808263
data/test/nevus/ISIC_0015215.jpg,0.56123817,0.18229553
data/test/nevus/ISIC_0015216.jpg,0.43260267,0.045993783
data/test/nevus/ISIC_0015217.jpg,0.074447535,0.025236066
data/test/nevus/ISIC_0015218.jpg,0.012845419,0.69973457
data/test/nevus/ISIC_0015223.jpg,0.030964565,0.021463696
data/test/nevus/ISIC_0015224.jpg,0.16752993,0.018724477
data/test/nevus/ISIC_0015226.jpg,0.046187807,0.06817663
data/test/nevus/ISIC_0015232.jpg,0.012734177,0.028040515
data/test/nevus/ISIC_0015237.jpg,0.00086855213,0.81345624
data/test/nevus/ISIC_0015241.jpg,2.3773777e-07,0.99999857
data/test/nevus/ISIC_0015244.jpg,0.059696604,3.9242266e-05
data/test/nevus/ISIC_0015245.jpg,0.23629826,0.0465865
data/test/nevus/ISIC_0015250.jpg,0.06312735,0.0002671186
data/test/nevus/ISIC_0015254.jpg,0.5957312,0.33992407
data/test/nevus/ISIC_0015255.jpg,0.038284745,0.028222617
data/test/nevus/ISIC_0015258.jpg,0.40553257,0.042928036
data/test/nevus/ISIC_0015264.jpg,0.013408966,0.005675716
data/test/nevus/ISIC_0015270.jpg,0.05945236,0.016186569
data/test/nevus/ISIC_0015273.jpg,0.9189159,0.013721217
data/test/nevus/ISIC_0015274.jpg,0.50007486,0.01942156
data/test/nevus/ISIC_0015276.jpg,0.20751432,0.02630601
data/test/nevus/ISIC_0015279.jpg,0.2507955,0.036041174
data/test/nevus/ISIC_0015283.jpg,0.1850183,0.008455019
data/test/nevus/ISIC_0015291.jpg,0.017720701,0.16464403
data/test/nevus/ISIC_0015293.jpg,0.2623724,0.18097036
data/test/nevus/ISIC_0015298.jpg,0.020823585,0.88739395
data/test/nevus/ISIC_0015309.jpg,0.6162467,0.020346615
data/test/nevus/ISIC_0015310.jpg,0.63094544,0.24757595
data/test/nevus/ISIC_0015311.jpg,0.017650554,0.014310843
data/test/nevus/ISIC_0015312.jpg,0.08967977,0.00016940502
data/test/nevus/ISIC_0015330.jpg,0.011030555,0.022651665
data/test/nevus/ISIC_0015331.jpg,0.022894386,0.4492165
data/test/nevus/ISIC_0015347.jpg,0.07040198,0.11818232
data/test/nevus/ISIC_0015353.jpg,0.6858282,0.015224704
data/test/nevus/ISIC_0015355.jpg,0.19513994,0.45972982
data/test/nevus/ISIC_0015357.jpg,0.040074356,0.002143816
data/test/nevus/ISIC_0015360.jpg,0.026305677,0.054603793
data/test/nevus/ISIC_0015363.jpg,0.031775225,0.8943301
data/test/nevus/ISIC_0015364.jpg,0.25526634,0.26544037
data/test/nevus/ISIC_0015368.jpg,0.0538905,0.18589002
data/test/nevus/ISIC_0015369.jpg,0.60728353,0.07197386
data/test/nevus/ISIC_0015383.jpg,0.101699576,0.18884546
data/test/nevus/ISIC_0015386.jpg,0.8544992,0.0050673964
data/test/nevus/ISIC_0015390.jpg,0.16182879,0.032307822
data/test/nevus/ISIC_0015395.jpg,0.14254194,0.0005987426
data/test/nevus/ISIC_0015403.jpg,0.007333537,0.3848264
data/test/nevus/ISIC_0015404.jpg,0.30906892,0.41891634
data/test/nevus/ISIC_0015411.jpg,0.009156578,6.1811675e-06
data/test/nevus/ISIC_0015412.jpg,0.22407822,0.00057472993
data/test/nevus/ISIC_0015416.jpg,0.07462037,0.021158079
data/test/nevus/ISIC_0015417.jpg,0.23797186,0.28223035
data/test/nevus/ISIC_0015418.jpg,0.24538147,0.00031961297
data/test/nevus/ISIC_0015419.jpg,0.13170776,0.17801702
data/test/nevus/ISIC_0015436.jpg,0.11970292,0.3179178
data/test/nevus/ISIC_0015440.jpg,0.074721105,0.15104997
data/test/nevus/ISIC_0015447.jpg,0.07181059,0.5637275
data/test/nevus/ISIC_0015455.jpg,0.21717244,0.002183946
data/test/nevus/ISIC_0015464.jpg,0.088147916,0.12980545
data/test/nevus/ISIC_0015466.jpg,0.09733093,0.75685865
data/test/nevus/ISIC_0015468.jpg,0.8033474,0.053832036
data/test/nevus/ISIC_0015476.jpg,0.025109615,0.07166505
data/test/nevus/ISIC_0015481.jpg,0.25034362,0.41755334
data/test/nevus/ISIC_0015482.jpg,0.25408694,0.014424744
data/test/nevus/ISIC_0015485.jpg,0.32218203,0.054834537
data/test/nevus/ISIC_0015510.jpg,0.10440075,0.008585126
data/test/nevus/ISIC_0015526.jpg,0.8350894,0.050330497
data/test/nevus/ISIC_0015537.jpg,0.8390228,0.047426876
data/test/nevus/ISIC_0015544.jpg,0.04024006,0.0012297884
data/test/nevus/ISIC_0015559.jpg,0.62842745,0.26417652
data/test/nevus/ISIC_0015563.jpg,0.13065273,0.051470187
data/test/nevus/ISIC_0015566.jpg,0.18094997,0.025995933
data/test/nevus/ISIC_0015568.jpg,0.045372855,0.016451787
data/test/nevus/ISIC_0015582.jpg,0.41360235,0.020728286
data/test/nevus/ISIC_0015593.jpg,0.9588048,0.0016928606
data/test/nevus/ISIC_0015603.jpg,0.3117702,0.0036333506
data/test/nevus/ISIC_0015607.jpg,0.04784454,0.86380553
data/test/nevus/ISIC_0015614.jpg,0.22095482,0.09569584
data/test/nevus/ISIC_0015617.jpg,0.011722934,0.06900245
data/test/nevus/ISIC_0015625.jpg,0.07355995,0.023569873
data/test/nevus/ISIC_0015631.jpg,0.8386581,0.0018305087
data/test/nevus/ISIC_0015636.jpg,0.29190227,0.06166277
data/test/nevus/ISIC_0015638.jpg,0.61781263,0.17631023
data/test/nevus/ISIC_0015641.jpg,0.05930121,0.20739791
data/test/nevus/ISIC_0015645.jpg,0.5640091,0.006757467
data/test/nevus/ISIC_0015936.jpg,0.18851884,0.020042723
data/test/nevus/ISIC_0015937.jpg,0.04196716,0.68270195
data/test/nevus/ISIC_0015938.jpg,0.06834641,0.40605024
data/test/nevus/ISIC_0015939.jpg,0.13650768,0.014161353
data/test/nevus/ISIC_0015940.jpg,0.11304291,0.0018764863
data/test/nevus/ISIC_0015941.jpg,0.8865031,0.0014715806
data/test/nevus/ISIC_0015942.jpg,0.102602795,0.7838301
data/test/nevus/ISIC_0015943.jpg,0.08207138,0.87593436
data/test/nevus/ISIC_0015944.jpg,0.89790064,0.02959751
data/test/nevus/ISIC_0015945.jpg,0.9278758,0.0069306055
data/test/nevus/ISIC_0015946.jpg,0.49241298,0.02791551
data/test/nevus/ISIC_0015947.jpg,0.8511935,0.0048494777
data/test/nevus/ISIC_0015948.jpg,0.37527287,0.0026693253
data/test/nevus/ISIC_0015949.jpg,0.08262942,0.632469
data/test/nevus/ISIC_0015950.jpg,0.12230554,0.15465371
data/test/nevus/ISIC_0015951.jpg,0.60980725,0.023560867
data/test/nevus/ISIC_0015952.jpg,0.26204836,0.14909804
data/test/nevus/ISIC_0015953.jpg,0.83585125,0.09293797
data/test/nevus/ISIC_0015954.jpg,0.011855235,0.9377378
data/test/nevus/ISIC_0015955.jpg,0.11514833,0.0044140406
data/test/nevus/ISIC_0015956.jpg,0.52710646,0.078450575
data/test/nevus/ISIC_0015957.jpg,0.8191429,0.0021107846
data/test/nevus/ISIC_0015958.jpg,0.2560282,0.13800876
data/test/nevus/ISIC_0015959.jpg,0.019741982,0.0014000098
data/test/nevus/ISIC_0015960.jpg,0.20756027,0.44145402
data/test/nevus/ISIC_0015961.jpg,0.3409721,0.43586802
data/test/nevus/ISIC_0015962.jpg,0.00629692,0.68549114
data/test/nevus/ISIC_0015963.jpg,0.072952524,0.14955413
data/test/nevus/ISIC_0015964.jpg,0.6790376,0.004269118
data/test/nevus/ISIC_0015965.jpg,0.12660535,0.5012692
data/test/nevus/ISIC_0015966.jpg,0.24995795,0.0066135046
data/test/nevus/ISIC_0015967.jpg,0.006824545,0.98400056
data/test/nevus/ISIC_0015968.jpg,0.024392132,0.048133522
data/test/nevus/ISIC_0015969.jpg,0.80696917,0.00017953248
data/test/nevus/ISIC_0015971.jpg,0.01533151,0.011731894
data/test/nevus/ISIC_0015972.jpg,0.25937596,0.16671729
data/test/nevus/ISIC_0015973.jpg,0.7036216,0.27932155
data/test/nevus/ISIC_0015974.jpg,0.31356403,0.06608648
data/test/nevus/ISIC_0015975.jpg,0.8515872,0.021409092
data/test/nevus/ISIC_0015976.jpg,0.004848762,0.4792467
data/test/nevus/ISIC_0015978.jpg,0.9014565,0.04046282
data/test/nevus/ISIC_0015979.jpg,0.53591174,0.32044685
data/test/nevus/ISIC_0015980.jpg,0.09340293,0.655344
data/test/nevus/ISIC_0015981.jpg,0.26842877,0.041180726
data/test/nevus/ISIC_0015982.jpg,0.9188792,0.025055006
data/test/nevus/ISIC_0015983.jpg,0.15814042,0.49569777
data/test/nevus/ISIC_0015984.jpg,0.23866737,0.019423788
data/test/nevus/ISIC_0015985.jpg,0.3869048,0.04280399
data/test/nevus/ISIC_0015986.jpg,0.04546244,0.95197225
data/test/nevus/ISIC_0015987.jpg,0.06761444,0.3284569
data/test/nevus/ISIC_0015988.jpg,0.048303034,0.0011477718
data/test/nevus/ISIC_0015989.jpg,0.014634811,0.9294543
data/test/nevus/ISIC_0015990.jpg,0.81611854,0.12917122
data/test/nevus/ISIC_0015991.jpg,0.03241614,0.50674236
data/test/nevus/ISIC_0015992.jpg,0.2844937,0.072287984
data/test/nevus/ISIC_0015993.jpg,0.7109777,0.22093701
data/test/nevus/ISIC_0015994.jpg,0.44395152,0.04166256
data/test/nevus/ISIC_0015995.jpg,0.74733746,0.1061414
data/test/nevus/ISIC_0015996.jpg,0.33594474,0.36911473
data/test/nevus/ISIC_0015997.jpg,0.4390201,0.049811397
data/test/nevus/ISIC_0015998.jpg,0.7533743,0.05302672
data/test/nevus/ISIC_0015999.jpg,0.124762066,0.0066761286
data/test/nevus/ISIC_0016000.jpg,0.032869715,0.42411065
data/test/nevus/ISIC_0016001.jpg,0.12492928,0.020617599
data/test/nevus/ISIC_0016002.jpg,0.22611338,0.42129332
data/test/nevus/ISIC_0016003.jpg,0.16875616,0.26269305
data/test/nevus/ISIC_0016004.jpg,0.22709736,0.0017444728
data/test/nevus/ISIC_0016005.jpg,0.31460547,0.6242776
data/test/nevus/ISIC_0016006.jpg,0.66881645,0.23941629
data/test/nevus/ISIC_0016007.jpg,0.28881124,0.14204185
data/test/nevus/ISIC_0016008.jpg,0.13770469,0.006704322
data/test/nevus/ISIC_0016009.jpg,0.073622204,0.059886012
data/test/nevus/ISIC_0016011.jpg,0.7424204,0.0047684107
data/test/nevus/ISIC_0016012.jpg,0.3295586,0.00079126394
data/test/nevus/ISIC_0016013.jpg,0.16075462,0.10587649
data/test/nevus/ISIC_0016014.jpg,0.9679463,0.026551766
data/test/nevus/ISIC_0016015.jpg,0.049037885,0.0076322174
data/test/nevus/ISIC_0016016.jpg,0.05696773,0.022930212
data/test/nevus/ISIC_0016017.jpg,0.13769473,0.0005811351
data/test/nevus/ISIC_0016018.jpg,0.94033605,0.012278277
data/test/nevus/ISIC_0016019.jpg,0.25580826,0.029717373
data/test/nevus/ISIC_0016022.jpg,0.31632614,0.6335342
data/test/nevus/ISIC_0016023.jpg,0.007590258,0.045418195
data/test/nevus/ISIC_0016024.jpg,0.08922482,0.43991664
data/test/nevus/ISIC_0016025.jpg,0.6172841,0.0030674029
data/test/nevus/ISIC_0016026.jpg,0.87063247,0.07806777
data/test/nevus/ISIC_0016027.jpg,0.44999826,0.04493765
data/test/nevus/ISIC_0016028.jpg,0.083587565,0.049889024
data/test/nevus/ISIC_0016029.jpg,0.5712178,0.04246766
data/test/nevus/ISIC_0016030.jpg,0.55757797,0.00042459756
data/test/nevus/ISIC_0016031.jpg,0.62958765,0.2896054
data/test/nevus/ISIC_0016033.jpg,0.1043842,0.0040594
data/test/nevus/ISIC_0016034.jpg,0.99173576,0.0023337137
data/test/nevus/ISIC_0016035.jpg,0.74280703,0.00035044743
data/test/nevus/ISIC_0016036.jpg,0.35079402,0.0012941777
data/test/nevus/ISIC_0016037.jpg,0.5825532,0.0047123646
data/test/nevus/ISIC_0016038.jpg,0.14223465,0.10831147
data/test/nevus/ISIC_0016040.jpg,0.95763874,0.023180528
data/test/nevus/ISIC_0016041.jpg,0.78266096,0.089217514
data/test/nevus/ISIC_0016042.jpg,0.06590415,0.06601179
data/test/nevus/ISIC_0016043.jpg,0.87085426,0.06496642
data/test/nevus/ISIC_0016044.jpg,0.012257541,0.97215414
data/test/nevus/ISIC_0016045.jpg,4.4162907e-06,0.9996923
data/test/nevus/ISIC_0016046.jpg,0.24346171,0.027186202
data/test/nevus/ISIC_0016048.jpg,0.19169585,7.504145e-05
data/test/nevus/ISIC_0016049.jpg,0.508051,0.026059259
data/test/nevus/ISIC_0016050.jpg,0.18829164,0.006741464
data/test/nevus/ISIC_0016051.jpg,0.65782213,0.12208024
data/test/nevus/ISIC_0016052.jpg,0.3839776,0.21515648
data/test/nevus/ISIC_0016053.jpg,0.67588156,0.18324398
data/test/nevus/ISIC_0016054.jpg,0.19723913,0.7441291
data/test/nevus/ISIC_0016055.jpg,0.05895879,0.14255968
data/test/nevus/ISIC_0016056.jpg,0.5995819,0.040538624
data/test/nevus/ISIC_0016057.jpg,0.991295,0.0008301131
data/test/nevus/ISIC_0016058.jpg,0.5441285,0.13462044
data/test/nevus/ISIC_0016059.jpg,0.0832779,0.0043981243
data/test/nevus/ISIC_0016060.jpg,0.43302605,0.010900852
data/test/nevus/ISIC_0016061.jpg,0.002307866,0.0005731979
data/test/nevus/ISIC_0016062.jpg,0.45707363,0.005861045
data/test/nevus/ISIC_0016063.jpg,0.76964074,0.20020668
data/test/nevus/ISIC_0016064.jpg,0.3290977,0.2617088
data/test/nevus/ISIC_0016065.jpg,0.12174765,0.057416588
data/test/nevus/ISIC_0016066.jpg,0.36506957,0.054397017
data/test/nevus/ISIC_0016068.jpg,0.56937814,0.29308712
data/test/nevus/ISIC_0016069.jpg,0.0044857278,0.9497287
data/test/nevus/ISIC_0016070.jpg,0.042772867,0.7451274
data/test/nevus/ISIC_0016071.jpg,0.24867035,0.107466295
data/test/nevus/ISIC_0016072.jpg,0.008210661,0.94680405
data/test/seborrheic_keratosis/ISIC_0012086.jpg,0.38817886,0.017157344
data/test/seborrheic_keratosis/ISIC_0012134.jpg,0.015996967,0.0070754923
data/test/seborrheic_keratosis/ISIC_0012136.jpg,0.6450649,0.17039704
data/test/seborrheic_keratosis/ISIC_0012178.jpg,0.80108154,0.16689031
data/test/seborrheic_keratosis/ISIC_0012199.jpg,0.07110654,0.06386435
data/test/seborrheic_keratosis/ISIC_0012207.jpg,0.15581475,0.019261317
data/test/seborrheic_keratosis/ISIC_0012215.jpg,0.94899297,0.012038903
data/test/seborrheic_keratosis/ISIC_0012223.jpg,0.07183649,0.0122515345
data/test/seborrheic_keratosis/ISIC_0012240.jpg,0.26253107,0.008976028
data/test/seborrheic_keratosis/ISIC_0012248.jpg,0.0035800524,0.00024508854
data/test/seborrheic_keratosis/ISIC_0012265.jpg,0.35885483,0.009883895
data/test/seborrheic_keratosis/ISIC_0012266.jpg,0.28405452,0.12982291
data/test/seborrheic_keratosis/ISIC_0012272.jpg,0.09424596,0.023651237
data/test/seborrheic_keratosis/ISIC_0012273.jpg,0.5221557,0.05584541
data/test/seborrheic_keratosis/ISIC_0012314.jpg,0.49502558,0.0003159451
data/test/seborrheic_keratosis/ISIC_0012323.jpg,0.16257203,0.002447593
data/test/seborrheic_keratosis/ISIC_0012330.jpg,0.08186086,0.20836635
data/test/seborrheic_keratosis/ISIC_0012358.jpg,0.021522203,0.87119097
data/test/seborrheic_keratosis/ISIC_0012364.jpg,0.6964059,0.0037417102
data/test/seborrheic_keratosis/ISIC_0012372.jpg,0.20765916,0.007907236
data/test/seborrheic_keratosis/ISIC_0012375.jpg,0.070530586,0.5738604
data/test/seborrheic_keratosis/ISIC_0012387.jpg,0.10430564,0.009122199
data/test/seborrheic_keratosis/ISIC_0012388.jpg,0.27307457,0.007133431
data/test/seborrheic_keratosis/ISIC_0012414.jpg,0.21182059,0.28956512
data/test/seborrheic_keratosis/ISIC_0012428.jpg,0.16422914,0.00042681253
data/test/seborrheic_keratosis/ISIC_0012432.jpg,0.06688378,6.171096e-05
data/test/seborrheic_keratosis/ISIC_0012447.jpg,0.13399522,0.007642641
data/test/seborrheic_keratosis/ISIC_0012448.jpg,0.36995706,0.062573485
data/test/seborrheic_keratosis/ISIC_0012510.jpg,0.6095968,0.0112086395
data/test/seborrheic_keratosis/ISIC_0012522.jpg,0.20363359,0.017276254
data/test/seborrheic_keratosis/ISIC_0012537.jpg,0.15538263,0.55696356
data/test/seborrheic_keratosis/ISIC_0012548.jpg,0.88297004,0.11082937
data/test/seborrheic_keratosis/ISIC_0012705.jpg,0.011652011,0.7766178
data/test/seborrheic_keratosis/ISIC_0012757.jpg,0.21127605,0.3077647
data/test/seborrheic_keratosis/ISIC_0012786.jpg,0.6618684,0.24147317
data/test/seborrheic_keratosis/ISIC_0012848.jpg,0.026612118,0.44481513
data/test/seborrheic_keratosis/ISIC_0012852.jpg,0.021997992,0.9737437
data/test/seborrheic_keratosis/ISIC_0012928.jpg,0.18365918,0.007853343
data/test/seborrheic_keratosis/ISIC_0012955.jpg,0.37641722,0.008018668
data/test/seborrheic_keratosis/ISIC_0012974.jpg,0.18633117,0.24543875
data/test/seborrheic_keratosis/ISIC_0013030.jpg,0.37721297,0.013390376
data/test/seborrheic_keratosis/ISIC_0013035.jpg,0.79535156,0.0002375183
data/test/seborrheic_keratosis/ISIC_0013085.jpg,0.6961231,0.00015498491
data/test/seborrheic_keratosis/ISIC_0013169.jpg,0.92811686,0.045702007
data/test/seborrheic_keratosis/ISIC_0013170.jpg,0.037436087,0.00033767504
data/test/seborrheic_keratosis/ISIC_0013203.jpg,0.51044565,0.07143539
data/test/seborrheic_keratosis/ISIC_0013270.jpg,0.07303558,0.0005119326
data/test/seborrheic_keratosis/ISIC_0013271.jpg,0.16922714,0.005306299
data/test/seborrheic_keratosis/ISIC_0013281.jpg,0.7112385,0.0055628736
data/test/seborrheic_keratosis/ISIC_0013319.jpg,0.9754317,0.021696413
data/test/seborrheic_keratosis/ISIC_0013393.jpg,0.2244475,0.03272595
data/test/seborrheic_keratosis/ISIC_0013465.jpg,0.04042886,2.664203e-05
data/test/seborrheic_keratosis/ISIC_0013673.jpg,0.21928656,0.052526493
data/test/seborrheic_keratosis/ISIC_0013708.jpg,0.22055918,0.009360192
data/test/seborrheic_keratosis/ISIC_0013764.jpg,0.00018489556,0.99482626
data/test/seborrheic_keratosis/ISIC_0013977.jpg,0.012935793,0.0024639503
data/test/seborrheic_keratosis/ISIC_0014006.jpg,0.3561216,0.14677227
data/test/seborrheic_keratosis/ISIC_0014177.jpg,0.007934721,0.97909933
data/test/seborrheic_keratosis/ISIC_0014251.jpg,0.07558282,0.017076531
data/test/seborrheic_keratosis/ISIC_0014278.jpg,0.17385833,0.780218
data/test/seborrheic_keratosis/ISIC_0014386.jpg,0.048072726,1.3521456e-05
data/test/seborrheic_keratosis/ISIC_0014392.jpg,0.68408257,0.010535944
data/test/seborrheic_keratosis/ISIC_0014409.jpg,0.06638821,0.41830269
data/test/seborrheic_keratosis/ISIC_0014419.jpg,0.9343052,0.056635838
data/test/seborrheic_keratosis/ISIC_0014457.jpg,0.9977428,0.0006678151
data/test/seborrheic_keratosis/ISIC_0014474.jpg,1.0368236e-05,0.997692
data/test/seborrheic_keratosis/ISIC_0014500.jpg,0.87070554,0.04627357
data/test/seborrheic_keratosis/ISIC_0014503.jpg,0.16796178,0.013241237
data/test/seborrheic_keratosis/ISIC_0014567.jpg,0.8431559,0.057591446
data/test/seborrheic_keratosis/ISIC_0014574.jpg,0.17065407,0.37103084
data/test/seborrheic_keratosis/ISIC_0014575.jpg,0.061890457,7.17293e-05
data/test/seborrheic_keratosis/ISIC_0014586.jpg,0.15753403,0.5929001
data/test/seborrheic_keratosis/ISIC_0014587.jpg,0.021003395,0.8598516
data/test/seborrheic_keratosis/ISIC_0014588.jpg,0.18613221,0.2751686
data/test/seborrheic_keratosis/ISIC_0014590.jpg,0.021087203,0.00014097834
data/test/seborrheic_keratosis/ISIC_0014600.jpg,0.07523327,0.0035673105
data/test/seborrheic_keratosis/ISIC_0014619.jpg,0.107036024,0.1919857
data/test/seborrheic_keratosis/ISIC_0014626.jpg,0.49157548,0.30624494
data/test/seborrheic_keratosis/ISIC_0014627.jpg,0.0126254745,2.9933042e-05
data/test/seborrheic_keratosis/ISIC_0014629.jpg,0.18351428,0.13008456
data/test/seborrheic_keratosis/ISIC_0014631.jpg,0.049645517,5.7719484e-05
data/test/seborrheic_keratosis/ISIC_0014634.jpg,0.048843376,0.7550013
data/test/seborrheic_keratosis/ISIC_0014643.jpg,0.05497085,0.0003561135
data/test/seborrheic_keratosis/ISIC_0014644.jpg,0.083894685,0.27780947
data/test/seborrheic_keratosis/ISIC_0014645.jpg,0.1996877,0.0003706746
data/test/seborrheic_keratosis/ISIC_0014647.jpg,0.12874506,0.009666004
data/test/seborrheic_keratosis/ISIC_0014648.jpg,0.6705783,0.09686841
data/test/seborrheic_keratosis/ISIC_0014649.jpg,0.6179387,0.11449219
data/test/seborrheic_keratosis/ISIC_0014652.jpg,0.2597576,0.041383557
data/test/seborrheic_keratosis/ISIC_0014653.jpg,0.14335702,0.39976928
